{"flutter":{"platforms":{"android":{"default":{"projectId":"aada-mobile","appId":"1:968837499127:android:8efe5bd284b716360e6bf2","fileOutput":"android/app/google-services.json"}},"ios":{"default":{"projectId":"aada-mobile","appId":"1:968837499127:ios:2af21e0c7270831e0e6bf2","uploadDebugSymbols":false,"fileOutput":"ios/Runner/GoogleService-Info.plist"}},"macos":{"default":{"projectId":"aada-mobile","appId":"1:968837499127:ios:2af21e0c7270831e0e6bf2","uploadDebugSymbols":false,"fileOutput":"macos/Runner/GoogleService-Info.plist"}},"dart":{"lib/firebase_options.dart":{"projectId":"aada-mobile","configurations":{"android":"1:968837499127:android:8efe5bd284b716360e6bf2","ios":"1:968837499127:ios:2af21e0c7270831e0e6bf2","macos":"1:968837499127:ios:2af21e0c7270831e0e6bf2","web":"1:968837499127:web:6b9ac813edcf53110e6bf2","windows":"1:968837499127:web:097670cb7ccb0e640e6bf2"}}}}}}